{"cameraMode":{"drawMode":0,"name":"Shaded","section":"Shading Mode"},"sceneLighting":false,"audioPlay":false,"sceneViewState":{"m_AlwaysRefresh":false,"showFog":true,"showSkybox":false,"showFlares":true,"showImageEffects":true,"showParticleSystems":true,"showVisualEffectGraphs":true,"m_FxEnabled":true},"in2DMode":false,"pivot":{"x":-0.0016390085220336915,"y":0.7855401635169983,"z":0.008873939514160157},"rotation":{"x":0.5198425650596619,"y":-0.4799542725086212,"z":0.509651243686676,"w":0.48954957723617556},"size":1.4290261268615723,"orthographic":true}